[
  {
    "title": "Science Fair 2025",
    "description": "Students showcased projects in physics, chemistry, and biology.",
    "image": "https://via.placeholder.com/300x200?text=Science+Fair"
  },
  {
    "title": "Annual Day",
    "description": "Performances, awards, and cultural programs.",
    "image": "https://via.placeholder.com/300x200?text=Annual+Day"
  },
  {
    "title": "Art Exhibition",
    "description": "Student artwork on display in the school hall.",
    "image": "https://via.placeholder.com/300x200?text=Art+Exhibition"
  }
]